wavenumber_cm-1,transmittance_fraction,absorbance
3992.3954372623575,0.942367601246106,0.025779653416384364
3984.790874524715,0.9439252336448598,0.02506240390256707
3977.186311787072,0.9439252336448598,0.02506240390256707
3969.5817490494296,0.942367601246106,0.025779653416384364
3961.977186311787,0.940809968847352,0.02649808944772145
3954.3726235741447,0.942367601246106,0.025779653416384364
3946.7680608365017,0.9439252336448598,0.02506240390256707
3939.1634980988592,0.9439252336448598,0.02506240390256707
3931.5589353612168,0.9454828660436138,0.02434633699359567
3923.9543726235743,0.9439252336448598,0.02506240390256707
3916.349809885932,0.9439252336448598,0.02506240390256707
3908.745247148289,0.9454828660436138,0.02434633699359567
3901.1406844106464,0.9454828660436138,0.02434633699359567
3893.536121673004,0.9439252336448598,0.02506240390256707
3885.9315589353614,0.9439252336448598,0.02506240390256707
3878.3269961977185,0.9439252336448598,0.02506240390256707
3870.722433460076,0.942367601246106,0.025779653416384364
3863.1178707224335,0.940809968847352,0.02649808944772145
3855.513307984791,0.9392523364485982,0.02721771592870194
3847.908745247148,0.940809968847352,0.02649808944772145
3840.3041825095056,0.942367601246106,0.025779653416384364
3832.699619771863,0.9454828660436138,0.02434633699359567
3825.0950570342206,0.9470404984423676,0.023631448796118337
3817.4904942965777,0.9470404984423676,0.023631448796118337
3809.885931558935,0.9470404984423676,0.023631448796118337
3802.2813688212927,0.9485981308411215,0.022917735435977894
3794.6768060836503,0.9501557632398754,0.022205193058086242
3787.072243346008,0.9501557632398754,0.022205193058086242
3779.467680608365,0.9485981308411215,0.022917735435977894
3771.8631178707224,0.9470404984423676,0.023631448796118337
3764.25855513308,0.9470404984423676,0.023631448796118337
3756.6539923954374,0.9470404984423676,0.023631448796118337
3749.0494296577945,0.9470404984423676,0.023631448796118337
3741.444866920152,0.9470404984423676,0.023631448796118337
3733.8403041825095,0.9454828660436138,0.02434633699359567
3726.235741444867,0.9454828660436138,0.02434633699359567
3718.6311787072245,0.9485981308411215,0.022917735435977894
3711.0266159695816,0.9501557632398754,0.022205193058086242
3703.422053231939,0.9517133956386293,0.021493817826299017
3695.8174904942966,0.9517133956386293,0.021493817826299017
3688.212927756654,0.9485981308411215,0.022917735435977894
3680.608365019011,0.9470404984423676,0.023631448796118337
3673.0038022813687,0.9454828660436138,0.02434633699359567
3665.3992395437263,0.9454828660436138,0.02434633699359567
3657.7946768060838,0.9470404984423676,0.023631448796118337
3650.1901140684413,0.9470404984423676,0.023631448796118337
3642.5855513307984,0.9470404984423676,0.023631448796118337
3634.980988593156,0.9470404984423676,0.023631448796118337
3627.3764258555134,0.9470404984423676,0.023631448796118337
3619.771863117871,0.9470404984423676,0.023631448796118337
3612.167300380228,0.9485981308411215,0.022917735435977894
3604.5627376425855,0.9501557632398754,0.022205193058086242
3596.958174904943,0.9501557632398754,0.022205193058086242
3589.3536121673005,0.9501557632398754,0.022205193058086242
3581.749049429658,0.9501557632398754,0.022205193058086242
3574.144486692015,0.9501557632398754,0.022205193058086242
3566.5399239543726,0.9501557632398754,0.022205193058086242
3558.93536121673,0.9485981308411215,0.022917735435977894
3551.330798479087,0.9470404984423676,0.023631448796118337
3543.7262357414447,0.9470404984423676,0.023631448796118337
3536.1216730038022,0.9470404984423676,0.023631448796118337
3528.5171102661598,0.9470404984423676,0.023631448796118337
3520.9125475285173,0.9454828660436138,0.02434633699359567
3513.3079847908743,0.9439252336448598,0.02506240390256707
3505.703422053232,0.942367601246106,0.025779653416384364
3498.0988593155894,0.940809968847352,0.02649808944772145
3490.494296577947,0.9376947040498442,0.027938536811028723
3482.889733840304,0.9376947040498442,0.027938536811028723
3475.2851711026615,0.9376947040498442,0.027938536811028723
3467.680608365019,0.9361370716510904,0.02866055606611373
3460.0760456273765,0.9330218068535826,0.03010820567954187
3452.471482889734,0.9314641744548287,0.030833844080442433
3444.866920152091,0.9299065420560748,0.03156069693948416
3437.2623574144486,0.9283489096573209,0.03228876832861685
3429.657794676806,0.9283489096573209,0.03228876832861685
3422.0532319391637,0.926791277258567,0.03301806234030369
3414.4486692015207,0.9236760124610592,0.034480334704590644
3406.8441064638782,0.9205607476635514,0.035947547187597885
3399.2395437262358,0.9174454828660437,0.03741973328175161
3391.6349809885933,0.9143302180685359,0.03889692682123878
3384.030418250951,0.9127725856697819,0.03963741205076263
3376.425855513308,0.9112149532710281,0.0403791619866728
3368.8212927756654,0.9065420560747663,0.042612043418964796
3361.216730038023,0.9018691588785047,0.04485646434141705
3353.61216730038,0.8987538940809969,0.046359214913121824
3346.0076045627375,0.8925233644859814,0.04938040610146328
3338.403041825095,0.8878504672897196,0.05166017239636188
3330.7984790874525,0.883177570093458,0.05395196917594667
3323.19391634981,0.8769470404984424,0.057026633217507026
3315.5893536121675,0.8738317757009346,0.058572166812691846
3307.9847908745246,0.8691588785046729,0.06090082913127453
3300.380228136882,0.8644859813084113,0.06324204494617701
3292.7756653992396,0.8598130841121495,0.06559595033965437
3285.1711026615967,0.8551401869158879,0.06796268361876134
3277.566539923954,0.8504672897196262,0.07034238536411605
3269.9619771863117,0.8442367601246106,0.07353574153046635
3262.3574144486693,0.8364485981308412,0.07756074236929765
3254.752851711027,0.8286604361370716,0.0816233957738051
3247.1482889733843,0.8208722741433022,0.08572441285630665
3239.5437262357414,0.8130841121495327,0.08986452506659112
3231.939163498099,0.8068535825545171,0.09320526832362026
3224.3346007604564,0.7990654205607477,0.09741766295703698
3216.7300380228135,0.7928348909657321,0.10081724573209451
3209.125475285171,0.7866043613707165,0.10424364995019188
3201.5209125475285,0.780373831775701,0.10769730220160754
3193.916349809886,0.7725856697819314,0.11205335157865583
3186.3117870722435,0.764797507788162,0.11645353594588478
3178.7072243346006,0.7554517133956387,0.1217932894665896
3171.102661596958,0.7476635514018691,0.12629379069326607
3163.4980988593156,0.7414330218068536,0.12992807534836015
3155.893536121673,0.735202492211838,0.1335930294347655
3148.28897338403,0.7242990654205608,0.14008207517889934
3140.6844106463877,0.7102803738317757,0.1485701854044183
3133.0798479087453,0.6993769470404985,0.1552886870655301
3125.4752851711028,0.6900311526479751,0.1611313018457837
3117.8707224334603,0.67601246105919,0.1700452985563426
3110.2661596958174,0.6588785046728972,0.18119466069381093
3102.661596958175,0.6417445482866043,0.1926378120357187
3095.0570342205324,0.6277258566978193,0.2022299819277438
3087.4524714828895,0.6121495327102804,0.21314247769342656
3079.847908745247,0.5529595015576324,0.2573066750137592
3072.2433460076045,0.5311526479750779,0.2747806490763556
3064.638783269962,0.5685358255451713,0.24524216361237855
3057.0342205323195,0.5887850467289719,0.23004322823162798
3049.429657794677,0.5934579439252337,0.22661005239323395
3041.825095057034,0.5778816199376947,0.23816111845380739
3034.2205323193916,0.5638629283489096,0.2488264575356876
3026.615969581749,0.559190031152648,0.2524405794905341
3019.011406844106,0.5545171339563862,0.25608503009597816
3011.4068441064637,0.5545171339563862,0.25608503009597816
3003.8022813688212,0.5545171339563862,0.25608503009597816
2996.1977186311788,0.5545171339563862,0.25608503009597816
2988.5931558935363,0.5545171339563862,0.25608503009597816
2980.988593155894,0.5560747663551402,0.25486681195666006
2973.384030418251,0.5654205607476636,0.24762840303274075
2965.7794676806084,0.573208722741433,0.24168720939533564
2958.1749049429654,0.5794392523364486,0.2369920881869558
2950.570342205323,0.5856697819314641,0.23234718314119227
2942.9657794676805,0.5965732087227414,0.22433625410023053
2935.361216730038,0.6090342679127726,0.21535827067298646
2927.7566539923955,0.6121495327102804,0.21314247769342656
2920.152091254753,0.6059190031152648,0.21758542674314552
2912.5475285171105,0.5934579439252337,0.22661005239323395
2904.9429657794676,0.5794392523364486,0.2369920881869558
2897.338403041825,0.5623052959501558,0.25002782616319535
2889.733840304182,0.5529595015576324,0.2573066750137592
2882.1292775665397,0.5545171339563862,0.25608503009597816
2874.5247148288972,0.5638629283489096,0.2488264575356876
2866.9201520912547,0.5778816199376947,0.23816111845380739
2859.3155893536123,0.5763239875389408,0.23933330400185832
2851.71102661597,0.559190031152648,0.2524405794905341
2844.1064638783273,0.5482866043613707,0.2609923645907223
2836.5019011406844,0.5482866043613707,0.2609923645907223
2828.897338403042,0.557632398753894,0.25365200142497896
2821.292775665399,0.573208722741433,0.24168720939533564
2813.6882129277565,0.5981308411214953,0.2232038037013225
2806.083650190114,0.6199376947040498,0.20765195599516545
2798.4790874524715,0.6386292834890965,0.19475117134911782
2790.874524714829,0.6557632398753894,0.18325293223318495
2783.2699619771865,0.6651090342679128,0.1771071530438294
2775.665399239544,0.6791277258566978,0.16804853880026727
2768.060836501901,0.6869158878504673,0.16309643860101472
2760.4562737642586,0.6947040498442367,0.1582001693567114
2752.8517110266157,0.7024922118380063,0.15335848619089273
2745.247148288973,0.7087227414330218,0.14952363141174085
2737.6425855513307,0.7040498442367601,0.15239659325747118
2730.0380228136883,0.6931464174454829,0.15917501708792167
2722.433460076046,0.6962616822429907,0.15722750493691678
2714.8288973384033,0.7040498442367601,0.15239659325747118
2707.2243346007604,0.6900311526479751,0.1611313018457837
2699.619771863118,0.6510903426791277,0.1863587462938181
2692.0152091254754,0.6105919003115264,0.21424896104839605
2684.4106463878325,0.5903426791277259,0.2288958181007809
2676.80608365019,0.5887850467289719,0.23004322823162798
2669.2015209125475,0.5981308411214953,0.2232038037013225
2661.596958174905,0.6137071651090342,0.21203880624327917
2653.9923954372625,0.6246105919003115,0.20439065544867097
2646.38783269962,0.6339563862928349,0.19794061884363323
2638.783269961977,0.6479750778816199,0.18844169744211056
2631.1787072243346,0.6682242990654206,0.175077735884129
2623.5741444866917,0.6744548286604362,0.17104713171548783
2615.969581749049,0.661993769470405,0.17914609801854173
2608.3650190114067,0.6479750778816199,0.18844169744211056
2600.7604562737642,0.6651090342679128,0.1771071530438294
2593.1558935361218,0.6806853582554517,0.16705359109843143
2585.5513307984793,0.6635514018691588,0.17812542896613437
2577.946768060837,0.6230529595015576,0.2054750367408909
2570.342205323194,0.5950155763239875,0.22547166515714456
2562.7376425855514,0.5919003115264797,0.22775143145204316
2555.1330798479084,0.602803738317757,0.21982406304994187
2547.528517110266,0.6246105919003115,0.20439065544867097
2539.9239543726235,0.6464174454828661,0.18948693135676056
2532.319391634981,0.6697819314641744,0.17406657248926677
2524.7148288973385,0.6900311526479751,0.1611313018457837
2517.110266159696,0.705607476635514,0.15143682605602138
2509.5057034220536,0.7149532710280374,0.14572234253159203
2501.9011406844106,0.7274143302180686,0.13821814750274108
2494.296577946768,0.7445482866043613,0.1281071314567344
2486.692015209125,0.7585669781931464,0.12000606685421893
2479.0874524714827,0.7679127725856698,0.11468810879162324
2471.4828897338402,0.7757009345794392,0.11030568530913575
2463.8783269961978,0.7850467289719626,0.105104491623328
2456.2737642585553,0.7928348909657321,0.10081724573209451
2448.669201520913,0.8021806853582555,0.09572779902766225
2441.06463878327,0.8115264797507789,0.09069730476932877
2433.4600760456274,0.8177570093457944,0.08737572466289638
2425.855513307985,0.822429906542056,0.08490110553504103
2418.250950570342,0.8271028037383178,0.08244050698738419
2410.6463878326995,0.8317757009345794,0.07999377104029687
2403.041825095057,0.838006230529595,0.07675275240246411
2395.4372623574145,0.8442367601246106,0.07353574153046635
2387.832699619772,0.8504672897196262,0.07034238536411605
2380.2281368821295,0.8582554517133957,0.0663834292170682
2372.6235741444866,0.8613707165109035,0.064809896764155
2365.019011406844,0.8644859813084113,0.06324204494617701
2357.414448669201,0.867601246105919,0.061679832895124354
2349.8098859315587,0.8707165109034268,0.06012322018242996
2342.2053231939162,0.8738317757009346,0.058572166812691846
2334.6007604562737,0.8769470404984424,0.057026633217507026
2326.9961977186313,0.8800623052959502,0.055486580249414726
2319.391634980989,0.883177570093458,0.05395196917594667
2311.7870722433463,0.8862928348909658,0.05242276167378208
2304.1825095057034,0.8894080996884736,0.0508989198230052
2296.577946768061,0.8925233644859814,0.04938040610146328
2288.973384030418,0.897196261682243,0.047112544645641234
2281.3688212927755,0.8987538940809969,0.046359214913121824
2273.764258555133,0.9003115264797508,0.04560718964832423
2266.1596958174905,0.9018691588785047,0.04485646434141705
2258.555133079848,0.9034267912772586,0.04410703450591599
2250.9505703422055,0.9065420560747663,0.042612043418964796
2243.346007604563,0.9112149532710281,0.0403791619866728
2235.74144486692,0.9127725856697819,0.03963741205076263
2228.1368821292776,0.9174454828660437,0.03741973328175161
2220.5323193916347,0.9190031152647975,0.03668301642670909
2212.927756653992,0.9205607476635514,0.035947547187597885
2205.3231939163497,0.9221183800623053,0.0352133213459335
2197.7186311787073,0.9221183800623053,0.0352133213459335
2190.114068441065,0.9221183800623053,0.0352133213459335
2182.5095057034223,0.9236760124610592,0.034480334704590644
2174.9049429657794,0.9252336448598131,0.03374858308765973
2167.300380228137,0.926791277258567,0.03301806234030369
2159.6958174904944,0.9299065420560748,0.03156069693948416
2152.0912547528515,0.9330218068535826,0.03010820567954187
2144.486692015209,0.9345794392523364,0.029383777685209646
2136.8821292775665,0.9345794392523364,0.029383777685209646
2129.277566539924,0.9330218068535826,0.03010820567954187
2121.6730038022815,0.9299065420560748,0.03156069693948416
2114.068441064639,0.9283489096573209,0.03228876832861685
2106.463878326996,0.9221183800623053,0.0352133213459335
2098.8593155893536,0.9158878504672897,0.03815770199271479
2091.2547528517107,0.9112149532710281,0.0403791619866728
2083.650190114068,0.9174454828660437,0.03741973328175161
2076.0456273764257,0.926791277258567,0.03301806234030369
2068.4410646387832,0.9361370716510904,0.02866055606611373
2060.8365019011408,0.942367601246106,0.025779653416384364
2053.2319391634983,0.9439252336448598,0.02506240390256707
2045.6273764258556,0.9439252336448598,0.02506240390256707
2038.0228136882129,0.9439252336448598,0.02506240390256707
2030.4182509505704,0.942367601246106,0.025779653416384364
2022.8136882129277,0.940809968847352,0.02649808944772145
2015.2091254752852,0.940809968847352,0.02649808944772145
2007.6045627376425,0.9376947040498442,0.027938536811028723
2000.0,0.9314641744548287,0.030833844080442433
1996.1995249406175,0.926791277258567,0.03301806234030369
1992.3990498812352,0.9205607476635514,0.035947547187597885
1988.5985748218527,0.9190031152647975,0.03668301642670909
1984.7980997624702,0.9205607476635514,0.035947547187597885
1980.997624703088,0.9221183800623053,0.0352133213459335
1977.1971496437054,0.9190031152647975,0.03668301642670909
1973.3966745843231,0.9127725856697819,0.03963741205076263
1969.5961995249406,0.9143302180685359,0.03889692682123878
1965.7957244655581,0.9190031152647975,0.03668301642670909
1961.9952494061758,0.9190031152647975,0.03668301642670909
1958.1947743467933,0.9205607476635514,0.035947547187597885
1954.3942992874108,0.9221183800623053,0.0352133213459335
1950.5938242280286,0.9205607476635514,0.035947547187597885
1946.793349168646,0.9174454828660437,0.03741973328175161
1942.9928741092638,0.9096573208722741,0.04112218095645379
1939.1923990498813,0.9018691588785047,0.04485646434141705
1935.3919239904988,0.897196261682243,0.047112544645641234
1931.5914489311165,0.8956386292834891,0.047867183379222765
1927.790973871734,0.8925233644859814,0.04938040610146328
1923.9904988123515,0.883177570093458,0.05395196917594667
1920.1900237529692,0.8753894080996885,0.05779871249979219
1916.3895486935867,0.8707165109034268,0.06012322018242996
1912.5890736342042,0.8785046728971962,0.056255924085510986
1908.788598574822,0.8909657320872274,0.05013899927582908
1904.9881235154394,0.8987538940809969,0.046359214913121824
1901.187648456057,0.9003115264797508,0.04560718964832423
1897.3871733966746,0.9018691588785047,0.04485646434141705
1893.586698337292,0.9034267912772586,0.04410703450591599
1889.7862232779098,0.9049844236760125,0.04335889567852252
1885.9857482185273,0.9065420560747663,0.042612043418964796
1882.1852731591448,0.9065420560747663,0.042612043418964796
1878.3847980997625,0.9080996884735203,0.04186647330983916
1874.58432304038,0.9096573208722741,0.04112218095645379
1870.7838479809975,0.9096573208722741,0.04112218095645379
1866.9833729216152,0.9096573208722741,0.04112218095645379
1863.1828978622327,0.9096573208722741,0.04112218095645379
1859.3824228028504,0.9096573208722741,0.04112218095645379
1855.581947743468,0.9096573208722741,0.04112218095645379
1851.7814726840854,0.9096573208722741,0.04112218095645379
1847.9809976247031,0.9080996884735203,0.04186647330983916
1844.1805225653206,0.9065420560747663,0.042612043418964796
1840.3800475059384,0.9018691588785047,0.04485646434141705
1836.5795724465559,0.897196261682243,0.047112544645641234
1832.7790973871734,0.8925233644859814,0.04938040610146328
1828.978622327791,0.8862928348909658,0.05242276167378208
1825.1781472684086,0.883177570093458,0.05395196917594667
1821.377672209026,0.881619937694704,0.05471859688058185
1817.5771971496438,0.8800623052959502,0.055486580249414726
1813.7767220902613,0.8785046728971962,0.056255924085510986
1809.9762470308788,0.8753894080996885,0.05779871249979219
1806.1757719714965,0.867601246105919,0.061679832895124354
1802.375296912114,0.8598130841121495,0.06559595033965437
1798.5748218527315,0.8535825545171339,0.06875446958448413
1794.7743467933492,0.8457943925233645,0.0727351984800063
1790.9738717339667,0.8426791277258567,0.07433776296228382
1787.1733966745844,0.8426791277258567,0.07433776296228382
1783.372921615202,0.8473520249221184,0.07193612837067338
1779.5724465558194,0.8535825545171339,0.06875446958448413
1775.7719714964371,0.8598130841121495,0.06559595033965437
1771.9714964370546,0.8644859813084113,0.06324204494617701
1768.1710213776723,0.8660436137071651,0.06246023648679581
1764.3705463182898,0.8644859813084113,0.06324204494617701
1760.5700712589073,0.8582554517133957,0.0663834292170682
1756.769596199525,0.8457943925233645,0.0727351984800063
1752.9691211401425,0.822429906542056,0.08490110553504103
1749.16864608076,0.7959501557632399,0.09911412793414053
1745.3681710213777,0.7725856697819314,0.11205335157865583
1741.5676959619952,0.7601246105919003,0.11911520606614268
1737.7672209026127,0.7414330218068536,0.12992807534836015
1733.9667458432305,0.705607476635514,0.15143682605602138
1730.166270783848,0.6448598130841121,0.19053468694795436
1726.3657957244654,0.5638629283489096,0.2488264575356876
1722.5653206650832,0.4750778816199377,0.3232351887220674
1718.7648456057007,0.3940809968847352,0.4044145068930354
1714.9643705463182,0.32710280373831774,0.48531573333493405
1711.1638954869359,0.2616822429906542,0.5822257463429905
1707.3634204275534,0.18691588785046728,0.7283537820212285
1703.562945368171,0.12461059190031153,0.9044450410769097
1699.7624703087886,0.1043613707165109,0.9814602253680268
1695.9619952494063,0.09034267912772585,1.044107034505916
1692.1615201900238,0.06853582554517133,1.164082351582666
1688.3610451306413,0.06230529595015576,1.2054750367408908
1684.560570071259,0.08878504672897196,1.051660172396362
1680.7600950118765,0.1526479750778816,0.8163089523763585
1676.959619952494,0.24299065420560748,0.6144104297143916
1673.1591448931117,0.35514018691588783,0.4496001810683995
1669.3586698337292,0.4672897196261682,0.33041377334919086
1665.5581947743467,0.5607476635514018,0.25123252730156603
1661.7577197149644,0.6246105919003115,0.20439065544867097
1657.957244655582,0.6728971962616822,0.1720512812539412
1654.1567695961994,0.719626168224299,0.1428930525127278
1650.3562945368171,0.7554517133956387,0.1217932894665896
1646.5558194774346,0.7897196261682243,0.10252706873551728
1642.7553444180521,0.8208722741433022,0.08572441285630665
1638.9548693586698,0.8411214953271028,0.07514126824588478
1635.1543942992873,0.8551401869158879,0.06796268361876134
1631.353919239905,0.8629283489096573,0.06402526334042354
1627.5534441805225,0.8629283489096573,0.06402526334042354
1623.7529691211403,0.8504672897196262,0.07034238536411605
1619.9524940617578,0.82398753894081,0.0840793560336675
1616.1520190023753,0.8271028037383178,0.08244050698738419
1612.351543942993,0.82398753894081,0.0840793560336675
1608.5510688836105,0.7476635514018691,0.12629379069326607
1604.750593824228,0.6479750778816199,0.18844169744211056
1600.9501187648457,0.6417445482866043,0.1926378120357187
1597.1496437054632,0.7383177570093458,0.13175668639476823
1593.3491686460807,0.8208722741433022,0.08572441285630665
1589.5486935866984,0.7975077881619937,0.09826506709302253
1585.7482185273159,0.6588785046728972,0.18119466069381093
1581.9477434679334,0.6355140186915887,0.19687486497897336
1578.147268408551,0.7320872274143302,0.13543717013313583
1574.3467933491686,0.7897196261682243,0.10252706873551728
1570.546318289786,0.82398753894081,0.0840793560336675
1566.7458432304038,0.8426791277258567,0.07433776296228382
1562.9453681710213,0.8566978193146417,0.06717233857460944
1559.144893111639,0.8644859813084113,0.06324204494617701
1555.3444180522565,0.867601246105919,0.061679832895124354
1551.5439429928742,0.8722741433021807,0.059347001062652865
1547.7434679334917,0.8785046728971962,0.056255924085510986
1543.9429928741092,0.8847352024922118,0.05318669235783441
1540.142517814727,0.8894080996884736,0.0508989198230052
1536.3420427553444,0.8925233644859814,0.04938040610146328
1532.541567695962,0.8909657320872274,0.05013899927582908
1528.7410926365797,0.8894080996884736,0.0508989198230052
1524.9406175771971,0.8909657320872274,0.05013899927582908
1521.1401425178146,0.9003115264797508,0.04560718964832423
1517.3396674584324,0.9112149532710281,0.0403791619866728
1513.5391923990499,0.9174454828660437,0.03741973328175161
1509.7387173396673,0.9190031152647975,0.03668301642670909
1505.938242280285,0.9158878504672897,0.03815770199271479
1502.1377672209026,0.8956386292834891,0.047867183379222765
1498.33729216152,0.8333333333333334,0.0791812460476248
1494.5368171021378,0.8364485981308412,0.07756074236929765
1490.7363420427553,0.897196261682243,0.047112544645641234
1486.9358669833728,0.9236760124610592,0.034480334704590644
1483.1353919239905,0.9330218068535826,0.03010820567954187
1479.3349168646082,0.9330218068535826,0.03010820567954187
1475.5344418052257,0.926791277258567,0.03301806234030369
1471.7339667458432,0.9190031152647975,0.03668301642670909
1467.933491686461,0.897196261682243,0.047112544645641234
1464.1330166270784,0.8411214953271028,0.07514126824588478
1460.332541567696,0.7367601246105919,0.13267388733104168
1456.5320665083136,0.5342679127725857,0.27224090802608275
1452.731591448931,0.4205607476635514,0.376171263909866
1448.9311163895486,0.6479750778816199,0.18844169744211056
1445.1306413301663,0.7850467289719626,0.105104491623328
1441.3301662707838,0.8021806853582555,0.09572779902766225
1437.5296912114013,0.7367601246105919,0.13267388733104168
1433.729216152019,0.5903426791277259,0.2288958181007809
1429.9287410926365,0.440809968847352,0.35574859254456304
1426.128266033254,0.37694704049844235,0.423719662088422
1422.3277909738717,0.3925233644859813,0.40613448728730916
1418.5273159144895,0.46105919003115264,0.3362433170099147
1414.7268408551067,0.5638629283489096,0.2488264575356876
1410.9263657957245,0.6526479750778816,0.18532100510255795
1407.1258907363422,0.7118380062305296,0.14761882799900303
1403.3254156769597,0.7476635514018691,0.12629379069326607
1399.5249406175772,0.7725856697819314,0.11205335157865583
1395.7244655581949,0.7975077881619937,0.09826506709302253
1391.9239904988124,0.8161993769470405,0.08820374108512663
1388.1235154394299,0.8302180685358256,0.08080781904228099
1384.3230403800476,0.8333333333333334,0.0791812460476248
1380.522565320665,0.8302180685358256,0.08080781904228099
1376.7220902612826,0.8317757009345794,0.07999377104029687
1372.9216152019003,0.8426791277258567,0.07433776296228382
1369.1211401425178,0.8551401869158879,0.06796268361876134
1365.3206650831353,0.8644859813084113,0.06324204494617701
1361.520190023753,0.867601246105919,0.061679832895124354
1357.7197149643705,0.8629283489096573,0.06402526334042354
1353.919239904988,0.8473520249221184,0.07193612837067338
1350.1187648456057,0.8333333333333334,0.0791812460476248
1346.3182897862234,0.8193146417445483,0.08654928391511423
1342.5178147268407,0.7897196261682243,0.10252706873551728
1338.7173396674584,0.7289719626168224,0.13728917499472926
1334.9168646080761,0.6121495327102804,0.21314247769342656
1331.1163895486936,0.3987538940809969,0.3992950627570037
1327.3159144893111,0.22274143302180685,0.6521989906037915
1323.5154394299288,0.27102803738317754,0.5669857797862536
1319.7149643705463,0.43457943925233644,0.36193082479525573
1315.9144893111638,0.5482866043613707,0.2609923645907223
1312.1140142517816,0.5794392523364486,0.2369920881869558
1308.313539192399,0.48598130841121495,0.3133804340504105
1304.5130641330165,0.3426791277258567,0.4651123472466471
1300.7125890736343,0.27258566978193144,0.5644969793825588
1296.9121140142518,0.21651090342679127,0.6645202278147582
1293.1116389548692,0.16666666666666666,0.7781512503836436
1289.311163895487,0.2087227414330218,0.6804302297040457
1285.5106888361045,0.2881619937694704,0.5403632996658395
1281.710213776722,0.35202492211838005,0.4534265889214524
1277.9097387173397,0.3691588785046729,0.43278668205874943
1274.1092636579574,0.3878504672897196,0.41133568097311696
1270.3087885985747,0.4517133956386293,0.3451370301698972
1266.5083135391924,0.5420560747663551,0.2659557841222724
1262.70783847981,0.6152647975077882,0.21093793244239303
1258.9073634204276,0.6526479750778816,0.18532100510255795
1255.106888361045,0.67601246105919,0.1700452985563426
1251.3064133016628,0.7009345794392523,0.15432251429350963
1247.5059382422803,0.7289719626168224,0.13728917499472926
1243.7054631828978,0.7538940809968847,0.12268966642444082
1239.9049881235155,0.780373831775701,0.10769730220160754
1236.104513064133,0.8052959501557633,0.09404448497491075
1232.3040380047505,0.8193146417445483,0.08654928391511423
1228.5035629453682,0.82398753894081,0.0840793560336675
1224.7030878859857,0.8271028037383178,0.08244050698738419
1220.9026128266032,0.8271028037383178,0.08244050698738419
1217.102137767221,0.8255451713395638,0.08325915846806424
1213.3016627078384,0.8271028037383178,0.08244050698738419
1209.501187648456,0.8364485981308412,0.07756074236929765
1205.7007125890736,0.8520249221183801,0.06954770173542248
1201.9002375296914,0.8644859813084113,0.06324204494617701
1198.0997624703086,0.8707165109034268,0.06012322018242996
1194.2992874109264,0.8551401869158879,0.06796268361876134
1190.498812351544,0.764797507788162,0.11645353594588478
1186.6983372921616,0.6526479750778816,0.18532100510255795
1182.897862232779,0.67601246105919,0.1700452985563426
1179.0973871733968,0.6557632398753894,0.18325293223318495
1175.2969121140143,0.7227414330218068,0.14101704751397243
1171.4964370546318,0.8037383177570093,0.09488532644164194
1167.6959619952495,0.8442367601246106,0.07353574153046635
1163.895486935867,0.8644859813084113,0.06324204494617701
1160.0950118764845,0.8785046728971962,0.056255924085510986
1156.2945368171022,0.8847352024922118,0.05318669235783441
1152.4940617577197,0.8878504672897196,0.05166017239636188
1148.6935866983372,0.8894080996884736,0.0508989198230052
1144.893111638955,0.8909657320872274,0.05013899927582908
1141.0926365795724,0.8894080996884736,0.0508989198230052
1137.29216152019,0.8722741433021807,0.059347001062652865
1133.4916864608076,0.8084112149532711,0.09236767022039541
1129.6912114014253,0.7118380062305296,0.14761882799900303
1125.8907363420426,0.719626168224299,0.1428930525127278
1122.0902612826603,0.7834890965732088,0.10596704301292587
1118.289786223278,0.7990654205607477,0.09741766295703698
1114.4893111638955,0.7990654205607477,0.09741766295703698
1110.688836104513,0.8021806853582555,0.09572779902766225
1106.8883610451308,0.8052959501557633,0.09404448497491075
1103.0878859857482,0.794392523364486,0.09996485197091692
1099.2874109263657,0.7990654205607477,0.09741766295703698
1095.4869358669835,0.8333333333333334,0.0791812460476248
1091.686460807601,0.8598130841121495,0.06559595033965437
1087.8859857482184,0.8707165109034268,0.06012322018242996
1084.0855106888362,0.8644859813084113,0.06324204494617701
1080.2850356294537,0.8426791277258567,0.07433776296228382
1076.4845605700712,0.7570093457943925,0.12089875880655991
1072.6840855106889,0.6838006230529595,0.16507050782673188
1068.8836104513064,0.7523364485981309,0.12358789731734111
1065.0831353919239,0.8037383177570093,0.09488532644164194
1061.2826603325416,0.8255451713395638,0.08325915846806424
1057.4821852731593,0.8348909657320872,0.07837023837608326
1053.6817102137766,0.8411214953271028,0.07514126824588478
1049.8812351543943,0.8473520249221184,0.07193612837067338
1046.080760095012,0.8551401869158879,0.06796268361876134
1042.2802850356295,0.8613707165109035,0.064809896764155
1038.479809976247,0.8644859813084113,0.06324204494617701
1034.6793349168647,0.8582554517133957,0.0663834292170682
1030.8788598574822,0.8037383177570093,0.09488532644164194
1027.0783847980997,0.6557632398753894,0.18325293223318495
1023.2779097387173,0.8006230529595015,0.09657190907357756
1019.4774346793349,0.8598130841121495,0.06559595033965437
1015.6769596199525,0.8769470404984424,0.057026633217507026
1011.87648456057,0.8862928348909658,0.05242276167378208
1008.0760095011876,0.8925233644859814,0.04938040610146328
1004.2755344418052,0.8909657320872274,0.05013899927582908
1000.4750593824228,0.8193146417445483,0.08654928391511423
996.6745843230403,0.8785046728971962,0.056255924085510986
992.8741092636579,0.883177570093458,0.05395196917594667
989.0736342042755,0.8847352024922118,0.05318669235783441
985.2731591448932,0.881619937694704,0.05471859688058185
981.4726840855107,0.8738317757009346,0.058572166812691846
977.6722090261283,0.8644859813084113,0.06324204494617701
973.8717339667458,0.8551401869158879,0.06796268361876134
970.0712589073635,0.8364485981308412,0.07756074236929765
966.270783847981,0.8161993769470405,0.08820374108512663
962.4703087885987,0.7928348909657321,0.10081724573209451
958.6698337292162,0.7601246105919003,0.11911520606614268
954.8693586698337,0.7102803738317757,0.1485701854044183
951.0688836104514,0.6495327102803738,0.18739897309509573
947.2684085510689,0.5856697819314641,0.23234718314119227
943.4679334916864,0.5420560747663551,0.2659557841222724
939.6674584323041,0.5031152647975078,0.2983325057377504
935.8669833729216,0.45638629283489096,0.3406674077147438
932.0665083135391,0.4781931464174455,0.3203966525916668
928.2660332541568,0.5327102803738317,0.27350892201271826
924.4655581947743,0.5794392523364486,0.2369920881869558
920.665083135392,0.616822429906542,0.209839842143341
916.8646080760095,0.6573208722741433,0.18222257710717943
913.064133016627,0.7024922118380063,0.15335848619089273
909.2636579572447,0.7429906542056075,0.12901664902873933
905.4631828978622,0.7819314641744548,0.10683131092383395
901.6627078384797,0.8115264797507789,0.09069730476932877
897.8622327790974,0.8333333333333334,0.0791812460476248
894.0617577197149,0.8473520249221184,0.07193612837067338
890.2612826603327,0.8582554517133957,0.0663834292170682
886.4608076009501,0.8644859813084113,0.06324204494617701
882.6603325415676,0.8629283489096573,0.06402526334042354
878.8598574821854,0.8629283489096573,0.06402526334042354
875.0593824228029,0.8722741433021807,0.059347001062652865
871.2589073634203,0.883177570093458,0.05395196917594667
867.4584323040381,0.8878504672897196,0.05166017239636188
863.6579572446556,0.8909657320872274,0.05013899927582908
859.857482185273,0.8956386292834891,0.047867183379222765
856.0570071258908,0.8987538940809969,0.046359214913121824
852.2565320665083,0.9018691588785047,0.04485646434141705
848.456057007126,0.9003115264797508,0.04560718964832423
844.6555819477435,0.9003115264797508,0.04560718964832423
840.855106888361,0.9003115264797508,0.04560718964832423
837.0546318289787,0.897196261682243,0.047112544645641234
833.2541567695962,0.897196261682243,0.047112544645641234
829.4536817102137,0.8956386292834891,0.047867183379222765
825.6532066508314,0.8909657320872274,0.05013899927582908
821.8527315914489,0.8753894080996885,0.05779871249979219
818.0522565320666,0.8457943925233645,0.0727351984800063
814.2517814726841,0.7757009345794392,0.11030568530913575
810.4513064133016,0.6947040498442367,0.1582001693567114
806.6508313539193,0.7398753894080997,0.1308414184439867
802.8503562945368,0.7570093457943925,0.12089875880655991
799.0498812351543,0.8130841121495327,0.08986452506659112
795.249406175772,0.8520249221183801,0.06954770173542248
791.4489311163895,0.8691588785046729,0.06090082913127453
787.648456057007,0.8785046728971962,0.056255924085510986
783.8479809976247,0.8878504672897196,0.05166017239636188
780.0475059382422,0.8925233644859814,0.04938040610146328
776.24703087886,0.897196261682243,0.047112544645641234
772.4465558194775,0.897196261682243,0.047112544645641234
768.646080760095,0.8956386292834891,0.047867183379222765
764.8456057007127,0.8925233644859814,0.04938040610146328
761.0451306413302,0.8894080996884736,0.0508989198230052
757.2446555819477,0.8862928348909658,0.05242276167378208
753.4441805225654,0.883177570093458,0.05395196917594667
749.6437054631829,0.8800623052959502,0.055486580249414726
745.8432304038004,0.8785046728971962,0.056255924085510986
742.0427553444181,0.8785046728971962,0.056255924085510986
738.2422802850356,0.8769470404984424,0.057026633217507026
734.4418052256533,0.8753894080996885,0.05779871249979219
730.6413301662708,0.8707165109034268,0.06012322018242996
726.8408551068883,0.8644859813084113,0.06324204494617701
723.040380047506,0.82398753894081,0.0840793560336675
719.2399049881235,0.7289719626168224,0.13728917499472926
715.439429928741,0.5264797507788161,0.2786183277911986
711.6389548693587,0.23052959501557632,0.6372733126738959
707.8384798099762,0.0794392523364486,1.0999648519709169
704.0380047505939,0.32554517133956384,0.4873887419577993
700.2375296912114,0.6121495327102804,0.21314247769342656
696.4370546318289,0.7149532710280374,0.14572234253159203
692.6365795724466,0.7757009345794392,0.11030568530913575
688.8361045130641,0.7772585669781932,0.10943448244546335
685.0356294536816,0.6635514018691588,0.17812542896613437
681.2351543942993,0.7165109034267912,0.1447771963872792
677.4346793349168,0.8286604361370716,0.0816233957738051
673.6342042755343,0.8115264797507789,0.09069730476932877
669.833729216152,0.6728971962616822,0.1720512812539412
666.0332541567695,0.6433021806853583,0.19158497641245223
662.2327790973873,0.7912772585669782,0.10167131578493403
658.4323040380048,0.8551401869158879,0.06796268361876134
654.6318289786223,0.8785046728971962,0.056255924085510986
650.83135391924,0.8894080996884736,0.0508989198230052
647.0308788598575,0.8738317757009346,0.058572166812691846
643.230403800475,0.8753894080996885,0.05779871249979219
639.4299287410927,0.9003115264797508,0.04560718964832423
635.6294536817102,0.9112149532710281,0.0403791619866728
631.8289786223279,0.9158878504672897,0.03815770199271479
628.0285035629454,0.9190031152647975,0.03668301642670909
624.2280285035629,0.9158878504672897,0.03815770199271479
620.4275534441806,0.9034267912772586,0.04410703450591599
616.6270783847981,0.8956386292834891,0.047867183379222765
612.8266033254156,0.9143302180685359,0.03889692682123878
609.0261282660333,0.9174454828660437,0.03741973328175161
605.2256532066508,0.9127725856697819,0.03963741205076263
601.4251781472683,0.9112149532710281,0.0403791619866728
597.624703087886,0.9127725856697819,0.03963741205076263
593.8242280285035,0.9112149532710281,0.0403791619866728
590.0237529691212,0.9080996884735203,0.04186647330983916
586.2232779097387,0.9080996884735203,0.04186647330983916
582.4228028503562,0.9096573208722741,0.04112218095645379
578.6223277909739,0.9080996884735203,0.04186647330983916
574.8218527315914,0.9049844236760125,0.04335889567852252
571.0213776722089,0.8987538940809969,0.046359214913121824
567.2209026128266,0.881619937694704,0.05471859688058185
563.4204275534441,0.8473520249221184,0.07193612837067338
559.6199524940619,0.7834890965732088,0.10596704301292587
555.8194774346794,0.7242990654205608,0.14008207517889934
552.0190023752969,0.7102803738317757,0.1485701854044183
548.2185273159146,0.7258566978193146,0.13914911137885314
544.4180522565321,0.7554517133956387,0.1217932894665896
540.6175771971496,0.7866043613707165,0.10424364995019188
536.8171021377673,0.8115264797507789,0.09069730476932877
533.0166270783848,0.8333333333333334,0.0791812460476248
529.2161520190023,0.8489096573208723,0.07113852579221082
525.41567695962,0.8582554517133957,0.0663834292170682
521.6152019002375,0.867601246105919,0.061679832895124354
517.8147268408552,0.8722741433021807,0.059347001062652865
514.0142517814727,0.8785046728971962,0.056255924085510986
510.2137767220902,0.8847352024922118,0.05318669235783441
506.4133016627079,0.8894080996884736,0.0508989198230052
502.6128266033254,0.8956386292834891,0.047867183379222765
498.8123515439429,0.897196261682243,0.047112544645641234
495.0118764845606,0.897196261682243,0.047112544645641234
491.2114014251781,0.897196261682243,0.047112544645641234
487.41092636579583,0.897196261682243,0.047112544645641234
483.6104513064133,0.897196261682243,0.047112544645641234
479.8099762470308,0.897196261682243,0.047112544645641234
476.00950118764854,0.8987538940809969,0.046359214913121824
472.20902612826603,0.9018691588785047,0.04485646434141705
468.4085510688835,0.9049844236760125,0.04335889567852252
464.60807600950125,0.9096573208722741,0.04112218095645379
460.80760095011874,0.9174454828660437,0.03741973328175161
457.00712589073623,0.926791277258567,0.03301806234030369
453.20665083135395,0.9361370716510904,0.02866055606611373
449.40617577197145,0.942367601246106,0.025779653416384364
445.60570071258917,0.9439252336448598,0.02506240390256707
441.80522565320666,0.940809968847352,0.02649808944772145
438.00475059382416,0.9299065420560748,0.03156069693948416
434.2042755344419,0.9190031152647975,0.03668301642670909
430.40380047505937,0.9049844236760125,0.04335889567852252
426.60332541567686,0.8894080996884736,0.0508989198230052
422.8028503562946,0.8753894080996885,0.05779871249979219
419.0023752969121,0.867601246105919,0.061679832895124354
415.2019002375298,0.8644859813084113,0.06324204494617701
411.4014251781473,0.8629283489096573,0.06402526334042354
407.6009501187648,0.8644859813084113,0.06324204494617701
403.8004750593825,0.8660436137071651,0.06246023648679581
