mode,scaled_cm-1,IR_km_mol-1,Raman_activity,C8_O13,C18_O16,O15_H14,O19_H20
1,17.655908710000002,1.1308,0.0,2.565154297046224e-05,1.0817738979314703e-05,-1.5529686885733908e-06,2.6819062710886233e-05
2,29.54247934,0.0057,0.0,1.9238657227846677e-05,8.113304234486026e-06,-1.0353124590489272e-06,1.787937514059082e-05
3,57.567162110000005,3.6362,0.0001,-0.001174464963629912,0.0011718704410623275,-0.0016130964506181522,0.0016112940661222022
4,61.18213076000001,0.0,7.286,4.168375732700113e-05,-1.757882584138639e-05,-2.8471092623845506e-06,-4.916828163662477e-05
5,69.5298677,0.0,6.1016,-7.054174316877114e-05,2.9748782193115424e-05,-1.0353124590489272e-06,-1.787937514059082e-05
6,82.68718080000001,0.5403,0.0,-0.00012184482910969562,-5.1384260151744834e-05,6.729530983818028e-06,-0.00011621593841384035
7,101.87040295000001,0.0,0.4062,0.00322374632690368,0.0032227550481841016,0.003515035122383478,0.0035223165435656068
8,115.32014351000001,0.0,0.0542,0.00967123898071109,0.009668265144552352,0.018321745399094026,0.018323691549986636
9,163.04138263,0.0038,0.0,-3.8477314455693355e-05,-1.6226608468972053e-05,2.3294530328600868e-06,-4.0228594066329354e-05
10,180.97789481,0.0,7.4563,-4.809664306961669e-05,2.0283260586215064e-05,-7.764843442866954e-07,-1.3409531355443116e-05
11,252.31029614000002,0.0,1.1178,-0.008221254745409454,-0.008203093087436344,-0.004032741126545376,-0.004028235165305501
12,277.24324585,60.8551,0.0,0.009096071145053286,-0.009082107253495786,0.009678578703708906,-0.009667764396733206
13,375.16751230000006,1.3734,0.0,-0.0002996485639860588,0.00029285627500288264,0.005645837577163529,-0.005639529231427703
14,400.84450821,0.0,0.051,3.2064428713077797e-06,-1.3522173724143377e-06,-5.176562295244637e-07,-8.939687570295411e-06
15,400.86296517,0.045,0.0,-3.2064428713077797e-06,0.0,5.176562295244637e-07,-4.4698437851477055e-06
16,412.46316453000003,0.0,12.2112,0.01786836443380621,0.017871803573039503,0.027193775877493803,0.027185808913658686
17,430.32863664,1.5982,0.0,-4.809664306961669e-05,-2.0283260586215064e-05,2.5882811476223182e-06,-4.469843785147706e-05
18,434.35359974000005,0.0,0.0018,4.8096643069616697e-05,-2.0283260586215067e-05,-1.294140573811159e-06,-2.2349218925738526e-05
19,493.25860306000004,0.0,1.3087,-0.017269067305834093,-0.01728609102303373,0.016130964506181508,0.01611294066122201
20,528.9251401800001,88.9347,0.0,0.021367630032381624,-0.02138786023727729,-0.011809381158488948,0.011784977084595293
21,607.68800599,0.0,12.1295,0.0032237463269036972,0.003222755048184117,0.0008065482253090755,0.0008056470330611005
22,607.75721959,0.6023,0.0003,-0.01172052034398487,0.011719149751674136,-0.0008065482253090755,0.0008056470330611005
23,642.3799771700001,0.0,0.2406,0.01466874739921685,0.014648603183804565,-0.011002832933179888,-0.010979330051534208
24,652.12967403,49.2397,0.0,0.006171973382135668,-0.0061522084803145305,-0.004550447130707283,0.004534153787045402
25,669.8775791500001,5.3952,0.0,-5.1303085940924475e-05,-2.1635477958629403e-05,3.105937377146782e-06,-5.363812542177247e-05
26,671.05353744,0.0,0.0363,-4.809664306961669e-05,2.0283260586215064e-05,2.070624918097855e-06,3.5758750281181644e-05
27,694.32459171,113.419,0.0,-5.1303085940924475e-05,-2.1635477958629403e-05,2.070624918097855e-06,-3.5758750281181644e-05
28,695.1294882000001,0.0,5.2018,-5.771597168354004e-05,2.433991270345808e-05,1.0353124590489274e-06,1.7879375140590825e-05
29,774.5807409399999,0.0,27.8504,0.04835619490355547,0.04834132572276176,-0.0002288637830147218,-0.00020619021041868787
30,786.88326608,0.0048,0.0039,7.695462891138671e-05,-3.2453216937944106e-05,-1.811796803335623e-06,-3.128890649603394e-05
31,787.2690357700001,25.5541,0.0,0.04952745342431409,-0.04951454838119652,-0.006970091806634502,0.006946625042443548
32,787.44062782,11.0405,0.0,-7.374818604007893e-05,-3.110099956552977e-05,0.0008088776783419355,-0.0008458756271274298
33,835.6506879899999,0.0276,0.0039,0.0,0.0,2.5882811476223186e-07,-4.4698437851477055e-06
34,835.71144215,0.0,9.8655,0.0,0.0,5.176562295244637e-07,8.939687570295411e-06
35,880.61655292,0.0003,0.3063,6.412885742615559e-06,-2.7044347448286753e-06,1.9153280492405155e-05,0.0003352382838860779
36,922.7511970900001,4.2178,0.0,-1.60322143565389e-05,-6.761086862071689e-06,-5.435390410006868e-06,9.386671948810181e-05
37,922.9536468700001,0.0,4.5032,-1.2825771485231119e-05,5.408869489657351e-06,-5.176562295244637e-07,-8.939687570295411e-06
38,927.81628679,225.319,0.0,-1.60322143565389e-05,-6.761086862071689e-06,-1.8635624262880694e-05,0.00032182875253063483
39,948.22420514,0.0001,0.0271,0.0,0.0,2.5882811476223186e-07,4.4698437851477055e-06
40,948.30168592,1.7554,0.0,0.0,0.0,-1.5529686885733908e-06,2.6819062710886233e-05
41,971.33155002,0.0,1.2013,-3.2064428713077797e-06,1.3522173724143377e-06,-2.5882811476223186e-07,-4.4698437851477055e-06
42,971.34510435,0.229,0.0002,-3.2064428713077797e-06,-1.3522173724143377e-06,0.0,0.0
43,980.43458037,3.1295,0.0002,-0.013769801707258646,0.01377003435879592,0.0,0.0
44,980.63741467,0.0,58.4578,-0.013769801707258646,-0.01377003435879592,-0.0008065482253090755,-0.0008056470330611005
45,1013.5362729599999,15.8777,0.0,-0.005273027690177475,0.005273639655305902,0.0,0.0
46,1013.8444657399999,0.0,26.5368,0.005273027690177475,0.005273639655305902,0.0,0.0
47,1067.50644273,0.0005,0.2347,0.0032237463269036972,0.003222755048184117,-0.002419644675927226,-0.002416941099183301
48,1067.57969379,16.5074,0.0,-0.0032237463269036972,0.003222755048184117,0.002419644675927226,-0.001611294066122201
49,1112.53142761,9.7657,0.0,-0.0665000786090334,0.06650643091185494,-0.005645837577163529,0.005639529231427703
50,1116.0010477,0.0,17.9124,-0.06122705091885593,-0.06123279125654905,0.004321583347692546,0.004327963576626701
51,1148.5947893700002,0.6903,0.0168,0.0,0.0,0.0,0.0
52,1148.60747853,0.0007,16.684,0.0,0.0,0.0,0.0
53,1162.37790877,55.5603,0.0,0.01054605538035495,-0.010547279310611803,-0.006741228023619778,0.006744904675810008
54,1163.39169575,0.0,8.4745,0.01054605538035495,0.010547279310611803,-0.005934679798310703,-0.005939257642748907
55,1274.41521278,0.0086,126.2137,-0.03338779894035257,-0.03339986626395432,0.019765956504829894,0.019822333606592656
56,1278.7847058000002,561.1351,0.0017,0.04305903792106365,-0.04306813140850667,0.010136306269738354,-0.010080144817570587
57,1304.78383334,0.0011,30.0696,0.025190673487257453,0.025196327835467176,-0.011351653592459501,-0.011372596663757919
58,1306.37834165,242.9874,0.0003,-0.0389604751945161,0.038966362194263096,-0.004261604909560103,0.004234425375724191
59,1316.0952581800002,0.0005,5.3292,0.0210921107607099,0.021094558621223607,-0.0010953904464562503,-0.0011053754443823057
60,1316.35509757,22.1176,0.0002,-0.03486191246796855,0.03486459298001953,0.0054169737941488025,-0.005433339021009013
61,1415.94548918,259.2559,0.0,0.04190870224974806,-0.04189581562639352,0.030877696344759585,-0.030820777466740504
62,1436.65727446,0.0,17.1509,0.08496774017081171,0.08496394703490019,0.027422639660508567,0.026586352091016317
63,1440.3685653700002,66.1879,0.0,0.028414419814161148,-0.028419082883651296,-0.006452385802472604,0.006445176264488804
64,1452.65676714,0.0,23.1339,0.10226093676896011,0.1022495927168831,0.056747217992782456,0.05669502072559823
65,1484.7458263100002,17.7397,0.0001,-0.007621957617437315,0.007617380537430565,-0.006452385802472604,0.006445176264488804
66,1484.91761062,0.0044,0.5363,-0.06065188308319812,-0.06064663336549247,-0.03283961345465737,-0.032825338145086425
67,1577.41120498,37.5307,0.0001,0.11015841365806917,-0.11016027487036736,-0.014806710276710534,0.014801375006421012
68,1578.0434519900002,0.0003,10.1596,0.09843789331408428,0.09844112511869323,0.008643166695385103,0.008655927153253412
69,1598.50674122,54.3046,0.072,-0.01581908307053242,0.007324524262427684,0.002419644675927226,-0.002416941099183301
70,1598.57864646,0.0185,211.815,0.02021729436106604,0.025489184110470055,0.012387065600783306,0.01238443390723771
71,1653.86800822,0.0,283.0817,-0.5689600812881381,-0.5689660341998792,-0.11350548595507998,-0.11355800404438782
72,1697.16303762,847.9886,0.0,-0.7834287130784411,0.7834267863942515,0.056229511988620556,-0.056189102103858336
73,2969.1545247100003,0.0128,1231.2796,-0.025490322051243512,-0.025489184110470055,0.7515893104907514,0.7416227029613318
74,3062.2170164100003,3151.4191,0.0016,0.0,0.0,0.5597886682425587,-0.5597908913171692
75,3063.50708101,0.0016,119.998,0.0,0.0,0.0,0.0
76,3064.4461749800003,2440.4371,0.0012,0.0,0.0,0.49001672176856603,-0.4900184416607883
77,3075.52756073,0.9458,227.4482,0.0,0.0,0.0,0.0
78,3075.5348666100003,30.8807,6.9689,0.0,0.0,0.00996742092485608,-0.00996749280805441
79,3085.09739836,0.0,363.8327,0.0,0.0,0.0,0.0
80,3085.43020042,8.8929,0.0011,0.0,0.0,0.10964163017341688,-0.1096424208885985
81,3104.08297723,0.0346,141.9232,0.0,0.0,-0.00996742092485608,-0.00996749280805441
82,3104.1040297,7.6195,0.6497,0.0,0.0,-0.01993484184971216,0.01993498561610882
83,3108.68914231,3.8711,9.3834,0.0,0.0,0.00996742092485608,-0.00996749280805441
84,3108.71298255,0.1732,209.92,0.0,0.0,0.00996742092485608,0.00996749280805441
